,AnswerCountInterval,AverageScore
0,10-25,31.55438639823317
1,2-5,1.2002302201595243
2,5-10,12.385693109834126
3,1-2,1.697673617286347
4,100-200,65.5
5,25-50,38.31906800221627
6,0-1,1.9977196693606416
7,50-100,46.7933349609375
8,200-500,365.0
