,Id,ActivityTime
0,9508,806 days 19:48:40.873000
1,7931,802 days 10:52:21.550000
2,12362,785 days 14:55:21.173000
3,7046,779 days 10:21:35.590000
4,11602,774 days 01:02:32.390000
5,14656,770 days 23:53:20.064000
6,19470,769 days 04:51:28.246000
7,10582,763 days 06:23:44.037000
8,17853,762 days 14:43:56.460000
9,8211,760 days 22:59:34.770000
